Date,Minimum_temperature,Maximum_temperature,Evaporation,Sunshine,Speed_of_maximum_wind_gust,Time_of_maximum_wind_gust,9am_Temperature,9am_relative_humidity,9am_cloud_amount,9am_wind_speed,9am_MSL_pressure,3pm_Temperature,3pm_relative_humidity,3pm_cloud_amount,3pm_wind_speed,3pm_MSL_pressure,Rainfall,Rain_today,Rain_Tomorrow,Rainfall_Tomorrow,Month
2/1/2019,8.6,20.6,4.8,13.1,35,54060,14.3,51,2,26,1024.9,18.8,39,4,26,1023.8,1.4,Yes,No,0,February
2/2/2019,9.5,27.4,6.4,12.5,46,58500,16,68,1,19,1021.4,26,37,2,19,1014.5,0,No,No,0,February
2/3/2019,12.8,28.7,7.4,11.6,48,47520,21.7,67,0,33,1007.4,24.2,53,1,33,1005.9,0,No,No,0.4,February
2/4/2019,15.2,22.9,7.6,10.8,41,51540,16.8,79,7,30,1014.1,20.6,56,1,30,1014.1,0.4,Yes,No,0,February
2/5/2019,13.1,17.6,8.6,0,33,25200,13.5,82,8,15,1024.2,16,61,8,15,1024.8,0,No,No,0.6,February
2/6/2019,13,24.6,1.6,6.4,43,52620,17.5,67,7,30,1023.7,24,44,6,30,1020.2,0.6,Yes,Yes,14,February
2/7/2019,17.5,29.3,7,7.4,52,52560,20.5,86,8,31,1009.4,28.5,41,4,31,1003.3,14,Yes,Yes,8.6,February
2/8/2019,16.7,23.3,5.4,10.9,52,36600,21,61,4,30,1000,22.4,30,3,30,998.5,8.6,Yes,No,0,February
2/9/2019,11.8,17.6,8.2,5.5,50,50700,14.2,64,8,17,990.8,15.3,57,7,17,994.2,0,No,No,0.8,February
2/10/2019,11.9,25.3,3.8,10.1,50,54420,16.6,53,2,20,1001,22.4,47,7,20,1000.4,0.8,Yes,No,0,February
2/11/2019,16.3,27.3,6.4,6,57,49020,20.6,61,2,15,996.9,22.1,64,7,15,993.1,0,No,Yes,6.4,February
2/12/2019,15.7,17.2,6.4,8.3,74,56220,15.8,87,7,37,979.3,16.3,35,3,37,985,6.4,Yes,Yes,7.4,February
2/13/2019,7.9,18.3,6.4,11.7,54,56760,10.5,57,1,30,1001.8,17.5,31,3,30,1004.4,7.4,Yes,No,0,February
2/14/2019,10.5,22.1,7,6.3,59,42000,16.3,52,5,28,1007.5,20,47,7,28,1010.8,0,No,No,0,February
2/15/2019,14,21.7,5.6,7.1,43,5880,16.7,56,7,19,1022.4,20.2,48,6,19,1023,0,No,No,0,February
2/16/2019,14.5,24.7,4.2,9.3,48,55080,18.5,64,7,20,1019.9,23.7,52,6,20,1014.5,0,No,Yes,1.8,February
2/17/2019,14.2,26,5.6,6.8,41,58620,16.2,86,7,13,1010.8,22.1,54,7,13,1006.3,1.8,Yes,No,0,February
2/18/2019,15.9,25.1,4.4,11.7,63,45960,21.2,62,7,39,999.6,22.9,25,1,39,997.8,0,No,No,0,February
2/19/2019,12.3,21.1,7.8,11,59,41940,15,41,2,30,1004.5,19.8,31,2,30,1006.7,0,No,No,0,February
2/20/2019,12.2,21.9,8.4,9.3,50,44160,16.8,50,2,22,1006.3,19.9,36,6,22,1005.9,0,No,No,0,February
2/21/2019,12,19.4,7.2,4.9,43,31140,14.5,51,6,11,1012.1,18,51,7,11,1015,0,No,No,0.4,February
2/22/2019,11.1,22,3.4,7.3,30,6480,15.6,56,6,15,1022.2,20.9,43,5,15,1021.1,0.4,Yes,No,0,February
2/23/2019,12.9,17.4,4,11.1,37,23700,14.6,54,4,22,1029,16.1,48,1,22,1029.9,0,No,No,0,February
2/24/2019,7.3,26.1,3.8,12.1,37,81480,13,66,0,24,1030.7,22.7,46,0,24,1027.8,0,No,No,0,February
2/25/2019,12.8,32.2,9.6,10.6,67,52800,19.1,43,0,17,1023.5,31,22,1,17,1018,0,No,Yes,1.2,February
2/26/2019,13,18.5,7.2,5,41,52560,13.2,87,7,26,1021.4,16.8,57,6,26,1021.3,1.2,Yes,No,0,February
2/27/2019,7.3,21.1,4.2,12.1,31,37860,11.2,62,1,20,1027.3,20,40,1,20,1024.8,0,No,No,0,February
2/28/2019,11,24.5,3.8,5.7,28,51660,16.2,65,7,19,1024.3,21.9,45,6,19,1021.3,0,No,No,0,February
3/1/2019,12,29.9,4.4,11.5,35,61260,18.9,78,1,19,1020.8,29.4,48,1,19,1017.6,0,No,No,0,March
3/2/2019,18.9,38.1,7,12,56,51780,26.1,33,1,31,1018,37.5,11,1,31,1014.5,0,No,No,0,March
3/3/2019,16.6,28.7,14,1.2,50,59400,17.9,89,7,7,1016.2,20.2,80,7,7,1012.6,0,No,No,0.8,March
3/4/2019,10.6,26.6,2,8.8,35,53460,15.5,56,7,26,1017,22.6,38,7,26,1014.5,0.8,Yes,No,0,March
3/5/2019,11.5,23,5.4,6.8,52,81540,14.5,82,7,20,1011.1,21.7,55,7,20,1004.2,0,No,Yes,1.6,March
3/6/2019,9.8,15.8,4.6,6.3,61,47400,13.7,50,6,7,1005.6,9.9,78,7,7,1009.6,1.6,Yes,Yes,2.8,March
3/7/2019,7.2,20.9,3.4,10.5,46,53880,11.4,60,7,24,1019.9,18.5,38,7,24,1017.4,2.8,Yes,No,0,March
3/8/2019,11.4,23.9,7.6,4.1,52,6480,17,43,7,19,1012.8,22.4,35,7,19,1013.4,0,No,Yes,2.8,March
3/9/2019,10.9,16.9,4.2,0.4,24,57960,12,96,8,13,1022.2,15.9,80,7,13,1020.8,2.8,Yes,Yes,1.6,March
3/10/2019,11.3,24,1.6,4,54,48660,15.9,83,7,28,1011.8,22.8,40,7,28,1004.8,1.6,Yes,No,0.2,March
3/11/2019,8.7,22,4.2,9.9,39,42480,12.9,64,1,22,1007.8,20.5,28,1,22,1003.8,0.2,Yes,No,0.4,March
3/12/2019,12.7,17.9,8,8.6,57,26400,13.5,42,7,28,1001.5,16.1,31,6,28,1004.5,0.4,Yes,No,0.6,March
3/13/2019,5.8,16.6,3.8,6.9,33,57000,9.7,64,1,17,1018.9,15.6,37,7,17,1018.2,0.6,Yes,No,0,March
3/14/2019,7,22.4,4.4,9,31,54060,11.2,62,6,24,1016.9,19.5,34,4,24,1013.1,0,No,No,0,March
3/15/2019,11.2,20.1,5.2,9.6,37,56280,14.3,66,5,24,1019.6,19.1,51,4,24,1020.9,0,No,No,0,March
3/16/2019,11,22.9,5,12.3,35,50700,13.8,77,1,26,1026.3,22.4,49,2,26,1024.6,0,No,No,0,March
3/17/2019,9.4,22.4,3.4,10.1,41,54540,13.3,79,4,28,1024.8,20.9,53,2,28,1022,0,No,No,0,March
3/18/2019,11.7,21.5,3.8,4.6,33,50520,15.5,83,7,24,1024.3,20.1,60,6,24,1021.6,0,No,No,0,March
3/19/2019,10.8,21.4,6.6,5.7,28,52200,13.1,85,6,20,1021.4,19.7,67,7,20,1019.4,0,No,No,0.6,March
3/20/2019,13,23.5,2.6,4.6,26,52560,17.5,91,7,17,1019.1,21.3,67,4,17,1017.3,0.6,Yes,No,0,March
3/21/2019,14.7,18.4,2,0,33,59820,17.1,89,7,22,1020.1,17.8,77,7,22,1020.4,0,No,No,0,March
3/23/2019,14.9,23.9,2.6,3.7,35,41880,17.9,73,6,15,1011.3,19.9,78,8,15,1005.7,0,No,No,0.4,March
3/24/2019,14.9,25,3.2,10,43,59460,18.1,62,1,13,1007.1,22.2,56,6,13,1002.1,0.4,Yes,No,0.2,March
3/25/2019,13.5,15.1,7.4,9.2,81,22020,14.5,40,2,52,990.3,12.3,44,3,52,992.6,0.2,Yes,No,0.2,March
3/26/2019,8.4,17.9,5.2,6.8,70,12240,13.7,45,7,33,1003,16.9,35,5,33,1009.7,0.2,Yes,No,0,March
3/27/2019,8.1,21.4,4.6,10.7,31,54540,11.6,57,1,22,1021.7,18.7,37,1,22,1019.1,0,No,No,0,March
3/28/2019,9.2,24.6,4,10.7,35,85140,13.9,67,1,13,1015.3,24.3,26,1,13,1010,0,No,No,0,March
3/29/2019,10.3,27.8,4,6.4,61,58320,16.6,54,1,26,1003.8,23.3,34,7,26,999.3,0,No,Yes,4,March
3/30/2019,11,17.9,8.8,7.1,43,50580,11.6,73,7,30,1005.1,16.7,33,6,30,1003.3,4,Yes,No,0.4,March
3/31/2019,3.4,16,3.8,4.1,54,42420,11.9,77,6,33,1006.6,14,42,6,33,1011.3,0.4,Yes,No,0,March
4/1/2019,6.4,17.3,2.8,9,28,55620,10.4,66,6,17,1024.2,16.2,43,2,17,1023.6,0,No,No,0,April
4/2/2019,5.6,19.7,3.4,10.8,31,48060,9.3,79,7,17,1026.4,17.5,48,7,17,1021.2,0,No,No,0,April
4/3/2019,9.2,19.4,4.6,5.4,57,40800,18.6,44,7,35,1016,17,28,3,35,1023.8,0,No,No,0,April
4/4/2019,4.5,18.2,3.4,9.8,33,60960,6.8,70,1,17,1036.8,16.5,41,1,17,1034.4,0,No,No,0,April
4/5/2019,6.8,21.7,4,8.6,54,44700,11.9,62,1,28,1029,20.5,46,7,28,1021.5,0,No,Yes,4.2,April
4/6/2019,11.7,20.2,4.2,7.8,46,40320,16,57,3,28,1012.2,19.2,36,3,28,1013.9,4.2,Yes,No,0,April
4/7/2019,8.6,21.8,6,8.4,78,73920,14.3,57,5,28,1011.3,21.1,36,7,28,1003.8,0,No,Yes,2.6,April
4/8/2019,8.2,18.7,6,6.9,59,52320,13.2,45,1,33,1007.5,17.4,36,7,33,1002.1,2.6,Yes,No,0.2,April
4/9/2019,6.9,15.5,3.6,7.8,43,64920,10.5,51,6,17,1010.9,13.8,35,7,17,1013,0.2,Yes,No,0,April
4/10/2019,7.5,18,3.2,9.8,35,59880,12.9,56,6,15,1023.4,15.9,45,6,15,1022.2,0,No,No,0,April
4/11/2019,6.6,18.2,4.2,9.5,31,1500,12,61,7,17,1025,17.1,46,1,17,1023.4,0,No,No,0,April
4/12/2019,6.5,21.9,2.8,10.5,35,61560,12,66,0,15,1023.1,21.3,33,1,15,1017.2,0,No,No,0.8,April
4/13/2019,8.2,17.7,3,6.2,39,51060,13.9,67,6,28,1024.5,15.2,60,1,28,1025.8,0.8,Yes,Yes,8.2,April
4/14/2019,10.5,18.3,3.6,7.8,26,59100,13,70,7,15,1031.2,17.3,45,1,15,1027.9,8.2,Yes,No,0,April
4/15/2019,8.1,21,2.8,8.7,41,52620,14.7,66,1,31,1027.7,19.1,51,1,31,1022.1,0,No,No,0,April
4/16/2019,11.7,27.2,3.8,8.8,39,70260,16.6,67,1,17,1022.4,26.6,31,1,17,1018.8,0,No,No,0,April
4/17/2019,16.5,29.1,4.6,6.2,54,72360,22.2,40,1,28,1017,26.6,41.86206897,7,28,1012.8,0,No,Yes,8.2,April
4/18/2019,10.7,16.8,6.8,6.6,46,22740,11.6,55,6,26,1020.8,14.9,38,5,26,1024,8.2,Yes,No,0,April
4/19/2019,5.4,15.6,2.6,9.7,26,50280,8.7,74,1,19,1032.8,14.8,48,1,19,1029.5,0,No,No,0,April
4/20/2019,5.6,23.7,2.4,9,33,57600,12,77,6,20,1026.5,23.4,41,1,20,1021.6,0,No,No,0,April
4/21/2019,11.5,26.3,3.8,7.8,37,59280,17.2,75,7,11,1018.4,24.4,49,7,11,1015,0,No,Yes,2.8,April
4/22/2019,12.9,19.2,3.8,8.9,39,47880,14.3,58,3,22,1022.2,17.8,36,3,22,1023,2.8,Yes,No,0,April
4/23/2019,7.3,19.9,4,8.8,33,55920,12.1,64,1,15,1026.7,18.7,46,6,15,1024,0,No,No,0,April
4/24/2019,9.4,19.7,4,6.1,52,65640,13.2,75,7,13,1021.4,18.1,44,7,13,1015,0,No,No,0,April
4/25/2019,12.6,19,3.6,6.4,72,6480,15.5,48,6,39,1011.3,18.4,39,7,39,1006.3,0,No,No,0,April
4/26/2019,7.7,12.5,5.4,8.2,83,10560,10.8,47,5,28,1002.4,10.9,50,3,28,1005.1,0,No,No,0,April
4/27/2019,6.6,16.9,3.6,4.8,94,63600,11.8,51,7,35,1013.6,15.6,46,7,35,1007.7,0,No,No,0,April
4/28/2019,11.7,16.3,5.8,8.1,74,40380,15.1,42,7,26,1012.2,14.9,37,3,26,1016.3,0,No,No,0,April
4/29/2019,7.8,18.9,3.8,8.8,33,33420,12.7,55,7,15,1022.3,18.4,45,7,15,1018.7,0,No,No,0,April
4/30/2019,7.3,21.9,2.8,8.3,31,29640,12.6,64,7,17,1014.8,21.3,35,6,17,1011,0,No,No,0,April
5/1/2019,8.9,18,3.2,1.7,31,5460,11.3,67,7,13,1017.3,16.9,52,7,13,1017.1,0,No,No,0,May
5/2/2019,7.3,21.5,1,1.2,46,54660,11.6,84,7,24,1018.9,21.1,59,7,24,1015.4,0,No,Yes,2.6,May
5/3/2019,11.5,20.2,1,7.4,57,41640,15.7,74,1,30,1009,16.8,43,3,30,1007.5,2.6,Yes,No,0,May
5/4/2019,8.1,15.5,3.8,4.2,41,39960,11.5,71,4,22,1013.8,15.3,60,1,22,1017.7,0,No,Yes,1.2,May
5/5/2019,10.2,13.5,1.4,1.4,30,44700,11.2,85,7,15,1026.9,12.5,54,7,15,1025.9,1.2,Yes,No,0,May
5/6/2019,10.7,13.5,2.8,1.1,35,37320,11.4,57,7,24,1023.9,12,57,7,24,1020.3,0,No,No,0,May
5/7/2019,4.4,16.1,1.4,8.2,28,6240,7.2,78,7,13,1011.8,14.1,59,7,13,1006.6,0,No,No,0,May
5/8/2019,5.6,16.5,1.6,4.1,28,73680,8.7,78,6,13,1005.6,16.2,49,5,13,1004.8,0,No,No,0.4,May
5/9/2019,8.7,15.5,1.4,1.4,41,46680,10.2,70,7,17,1009.6,15.3,56,7,17,1005,0.4,Yes,Yes,1.6,May
5/10/2019,9.7,12.9,1.8,0,31,43140,11.2,66,7,17,1016.2,11.4,69,7,17,1016.6,1.6,Yes,No,0.2,May
5/11/2019,2.7,16.6,3,6.6,39,82860,10.6,65,3,15,1017.1,15.6,35,3,15,1016.9,0.2,Yes,No,0,May
5/12/2019,7.9,17.5,1.6,8.7,41,49680,13.4,60,3,26,1019.8,16,33,1,26,1020.3,0,No,No,0,May
5/13/2019,7.6,19.9,2.4,8.1,83,47880,15.5,51,6,54,1016.7,18.3,34,1,54,1011.9,0,No,Yes,1.6,May
5/14/2019,9.6,16,4.8,7,59,56280,11.9,52,5,28,1020,15.1,46,5,28,1019.5,1.6,Yes,No,0,May
5/15/2019,10.9,19.3,3.4,7.6,41,540,14.4,59,6,22,1026,18.3,41,2,22,1025.5,0,No,No,0,May
5/16/2019,6.8,17.6,2.8,9,30,25740,9.8,80,1,7,1026.5,17.1,46,1,7,1023,0,No,No,0,May
5/17/2019,6.9,18.2,1.8,6.5,46,48720,11.6,64,7,20,1023.8,16,44,7,20,1022.7,0,No,No,0,May
5/18/2019,8.3,18.9,1.8,7.8,31,1320,14.6,53,1,17,1028.2,15.1,71,3,17,1027.5,0,No,No,0,May
5/19/2019,5,15.9,3,7.3,24,29640,7.6,88,1,11,1029.7,13,72,7,11,1026.3,0,No,No,0,May
5/20/2019,4.4,15.5,1.6,3.4,31,61080,9.4,76,7,17,1021.2,12.3,80,7,17,1016.2,0,No,Yes,1,May
5/21/2019,6.9,18.7,0.2,2.5,44,54000,13.9,67,7,26,1014.4,18,45,3,26,1015.1,1,Yes,No,0,May
5/22/2019,3.9,17.9,2.4,7.7,39,52740,10.8,77,1,19,1023,17.3,42,1,19,1021.9,0,No,No,0,May
5/23/2019,7.8,17.8,2.6,6.7,41,36420,12.7,55,7,13,1021.7,16.5,44,7,13,1016.8,0,No,No,0,May
5/24/2019,5.2,19.1,3.2,3.2,37,61800,11.2,60,7,20,1013.4,15.1,67,7,20,1008.6,0,No,No,0,May
5/25/2019,8.8,17,0.8,6.7,59,45120,15.4,45,2,28,1004.4,15.3,39,7,28,1002.2,0,No,No,0,May
5/26/2019,9.4,14.9,3.8,5.1,54,42240,11.3,55,1,26,1002.2,12.5,55,7,26,997.7,0,No,No,0.2,May
5/27/2019,5.6,13,2.6,7,46,17940,8.2,61,2,13,995.4,12.5,41,6,13,996.7,0.2,Yes,No,0.2,May
5/28/2019,5.3,12,2.6,5.4,54,42120,8.9,47,2,20,994.5,7.9,78,7,20,990.3,0.2,Yes,Yes,1,May
5/29/2019,2.4,10.2,2,4.9,74,68460,5.9,73,2,28,991.6,8.9,49,6,28,994.8,1,Yes,Yes,6.8,May
5/30/2019,4.6,13.4,1.4,2.4,57,64200,7.4,63,7,31,1011.1,12.2,56,7,31,1008.7,6.8,Yes,No,0.2,May
5/31/2019,7.4,13.8,1.4,0.6,35,34140,11.3,71,6,13,1020,13.5,63,7,13,1022.9,0.2,Yes,No,0,May
6/1/2019,2.1,16.1,0.8,8.3,30,45780,10.2,72,1,17,1029.7,15.7,55,1,17,1027.1,0,No,No,0,June
6/2/2019,5.2,10.5,1.6,8.3,43,62640,7.8,76,7,6,1022.8,10.2,86,8,6,1020.8,0,No,Yes,5.8,June
6/3/2019,6.8,10.2,1.2,5,50,45480,7.6,77,4,22,1025.2,8.5,66,4,22,1024.7,5.8,Yes,Yes,1.2,June
6/4/2019,4.5,11.3,0.6,3.2,41,41760,6.8,70,4,15,1027.1,10.8,64,7,15,1026.5,1.2,Yes,No,0,June
6/5/2019,1.9,13.7,1.2,3.4,72,49680,9.8,59,2,43,1024.9,11.7,53,7,43,1018.9,0,No,No,0,June
6/7/2019,8.7,16.6,2.4,6.3,50,8220,12.4,58,7,20,1029,15.5,52,7,20,1026.9,0,No,No,0,June
6/8/2019,4.8,13.4,2.6,6.6,37,20100,6,73,7,17,1025.2,13.2,47,5,17,1020.3,0,No,No,0,June
6/9/2019,5.8,14.1,1.2,2.1,30,2520,7.8,69,7,13,1017.2,13.6,58,6,13,1014.2,0,No,Yes,1,June
6/10/2019,7.7,15.6,0.8,1.2,57,70680,11.3,85,8,13,1006.1,13.9,71,7,13,997.9,1,Yes,No,0.8,June
6/11/2019,9.1,18.3,2.2,5.7,48,900,13.6,62,3,13,1015.2,17.1,57,4,13,1016.1,0.8,Yes,No,0,June
6/12/2019,6.1,15.2,1.2,0,41,45720,8.7,85,8,20,1011.1,13.9,74,8,20,1002.6,0,No,Yes,2.4,June
6/13/2019,3.7,15.3,0.4,5.8,48,48600,8.9,72,7,26,1006.8,13.2,51,5,26,1003.5,2.4,Yes,No,0,June
6/14/2019,7,13.8,2.6,3.2,50,52260,9.2,61,3,22,1009.7,12,58,4,22,1007.8,0,No,No,0.2,June
6/15/2019,4.5,13.1,1.8,7.9,37,12300,7,69,5,17,1018,12.7,42,6,17,1018.1,0.2,Yes,No,0,June
6/16/2019,1.2,12.7,1.8,7.1,28,32520,3.8,81,7,9,1022.1,12.5,50,1,9,1020.1,0,No,No,0,June
6/17/2019,3.8,14.2,0.8,3.6,30,29400,5.8,75,7,11,1020,13.4,64,7,11,1016.6,0,No,No,0,June
6/18/2019,5.7,15.3,1,4.3,50,84840,12.5,65,8,28,1009.5,13.4,48,6,28,1007.6,0,No,Yes,8,June
6/19/2019,6.9,10.3,3.2,4.7,50,4260,8,57,5,17,1020.7,9.8,59,5,17,1022.1,8,Yes,No,0.2,June
6/20/2019,3.4,11.8,1,5.1,43,51960,6.4,73,1,19,1023.6,7.5,85,7,19,1022.3,0.2,Yes,Yes,4,June
6/21/2019,5,10.9,1.2,4.4,39,2760,8.1,77,4,13,1026,9.8,73,7,13,1026.7,4,Yes,Yes,1,June
6/22/2019,5.6,11.1,0.4,3.8,24,34860,6.2,91,7,7,1030.2,9.9,75,6,7,1029.4,1,Yes,No,0.4,June
6/23/2019,1.5,12.2,0.4,6,24,10440,3.4,86,1,9,1032.1,10.3,60,7,9,1031,0.4,Yes,No,0,June
6/25/2019,0.9,11.7,0.6,4.8,30,72240,4.1,70,7,11,1033.4,11.1,54,7,11,1031.5,0,No,No,0,June
6/26/2019,2.3,14.8,1.4,8,28,39960,6.9,72,1,13,1034.8,14.3,51,7,13,1031.8,0,No,No,0,June
6/27/2019,3.4,13.8,0.6,3.7,35,35220,7.4,76,7,6,1030.9,13.2,60,7,6,1026.9,0,No,No,0,June
6/28/2019,7.3,16.7,1,1.9,37,5640,11.8,64,7,24,1022.3,16.4,55,7,24,1018.1,0,No,No,0,June
6/30/2019,10.2,15.1,2.2,3,70,48540,11.6,53,7,31,997.9,12.7,36,6,31,1002.5,0,No,No,0.2,June
7/1/2019,10,17.9,3.4,6.8,74,75840,15,47,1,33,1007.5,17.7,37,6,33,1003.4,0.2,Yes,Yes,2.6,July
7/2/2019,8,13,5.4,5.5,67,44940,10.1,65,3,13,1006.5,9.4,83,3,13,1009,2.6,Yes,Yes,2.6,July
7/3/2019,3.5,13.5,2.6,5.7,26,25260,8.1,69,1,9,1028.1,12.4,58,7,9,1031,2.6,Yes,No,0,July
7/4/2019,3.2,13.4,0.8,8.2,19,7200,4.7,87,1,13,1041.1,11.7,67,1,13,1040.2,0,No,No,0,July
7/5/2019,2.6,13,0.2,6,24,33180,4.5,92,2,9,1041.3,12.4,66,5,9,1037.2,0,No,No,0.2,July
7/6/2019,1.4,15.6,0.8,7.8,20,28260,4.9,90,1,6,1035,14.5,61,3,6,1032.3,0.2,Yes,No,0.2,July
7/7/2019,3.6,13.1,1.2,5.2,19,14220,5.9,91,7,6,1031.6,11.8,70,7,6,1027.5,0.2,Yes,Yes,1,July
7/8/2019,3.4,14.6,1,4.2,35,0,7.3,90,7,19,1018.9,13.5,59,7,19,1015.1,1,Yes,No,0,July
7/9/2019,5.4,14.7,1.2,7.4,46,42900,8.2,74,1,24,1012.1,13,53,3,24,1008.4,0,No,No,0,July
7/10/2019,7.6,16.3,1.8,3.6,56,50940,9.3,67,7,24,1003.3,15.3,42,7,24,995,0,No,Yes,1,July
7/11/2019,7.8,13.8,2.8,5.6,54,47340,9.5,64,3,22,989.3,12.5,54,6,22,990,1,Yes,Yes,4,July
7/12/2019,6.6,10.1,2.4,6.6,56,17580,8.5,65,6,37,990.9,8.3,56,2,37,990.5,4,Yes,Yes,1.4,July
7/13/2019,4.5,9.1,1.8,1.2,52,57840,6.1,80,7,30,1000,8.9,56,5,30,1005.7,1.4,Yes,Yes,4.8,July
7/14/2019,3.5,11.4,1.2,2.1,56,50520,8.3,74,7,33,1000.1,6.9,67,7,33,997.7,4.8,Yes,Yes,2,July
7/15/2019,4.3,14.7,1,5.1,56,50460,9.3,60,5,37,1010.7,14.4,52,6,37,1005.2,2,Yes,No,0.4,July
7/16/2019,9.2,14.9,2.8,3.3,50,2700,12.9,56,2,11,1009.1,14.6,45,5,11,1009.3,0.4,Yes,No,0,July
7/17/2019,8.9,13.2,1.6,1.8,56,63780,11.1,59,7,22,1001.9,11.2,64,4,22,997.2,0,No,Yes,1.6,July
7/18/2019,4.1,11,1.2,3.6,57,5760,8,62,1,20,1010,10.5,53,7,20,1006.6,1.6,Yes,No,0,July
7/19/2019,6.3,14.8,1.4,7.4,63,36540,9.8,57,1,26,1010.5,13.8,44,1,26,1012,0,No,No,0,July
7/20/2019,4.6,15.8,3,6.1,37,72780,6.7,77,7,22,1014.8,15.4,41,7,22,1010.6,0,No,No,0,July
7/21/2019,6.7,15.9,1.8,7,65,48240,12.6,57,7,43,1000.5,13.5,40,2,43,1000.8,0,No,No,0,July
7/22/2019,6.1,16.8,3.4,7.8,59,50700,11.8,67,3,31,1006.1,15.9,44,2,31,1002,0,No,No,0,July
7/23/2019,8.7,13.2,3.2,4.1,59,3120,9.1,67,7,33,1001.1,12.3,42,6,33,999.4,0,No,No,0,July
7/24/2019,5,14.2,3.2,5.3,41,42180,7.4,59,5,20,1011.1,13.3,56,7,20,1010.2,0,No,No,0,July
7/25/2019,7.2,16.5,2.2,3.8,43,45780,12.1,56,7,19,1015.6,16.1,46,2,19,1013.6,0,No,Yes,1,July
7/26/2019,9.4,12.7,1.8,4.2,48,22200,10,88,7,22,1014.8,11.8,42,1,22,1017.2,1,Yes,No,0,July
7/27/2019,0.9,12.3,1.4,1.7,39,43500,5.6,66,7,24,1020,12.1,49,7,24,1016.5,0,No,No,0,July
7/28/2019,2.2,15.3,1.4,6.9,43,49080,7.8,65,1,26,1020.5,14.9,40,4,26,1015.9,0,No,No,0.4,July
7/29/2019,7.3,10.9,2,5.3,48,69240,8.8,88,7,26,1014.6,9.7,44,5,26,1017.6,0.4,Yes,No,0.4,July
7/30/2019,2,11.7,1.2,5.7,33,45720,4.3,77,3,19,1028.2,11,45,7,19,1027.9,0.4,Yes,No,0,July
7/31/2019,2.2,13.5,1.8,9.2,33,75480,5.4,73,1,11,1030.4,13.1,49,1,11,1027.3,0,No,No,0,July
8/1/2019,4.8,14.1,1.2,4.7,59,43200,12.1,50,7,20,1021.3,12.7,32,5,20,1024.7,0,No,No,0.2,August
8/2/2019,0.8,13.9,1.6,6.7,85,79080,8.9,60,1,24,1026.6,12.5,46,6,24,1021,0.2,Yes,Yes,3.4,August
8/3/2019,6.8,12.2,3.4,6.9,59,50880,8.7,64,7,30,1021.6,10.9,45,7,30,1022.6,3.4,Yes,No,0,August
8/4/2019,1.9,11.2,2.2,3.3,28,1140,5.1,72,7,17,1027.9,10.7,47,5,17,1025.6,0,No,No,0.2,August
8/5/2019,2.1,14.4,1.2,3.7,31,48000,5,70,7,13,1021.6,13.8,44,7,13,1017.2,0.2,Yes,No,0,August
8/6/2019,5,17,1.6,2.6,52,45000,10.3,70,7,30,1009.9,15.3,45,7,30,1005.4,0,No,No,0,August
8/7/2019,7.1,13.1,2.6,9.3,54,52020,9.9,53,4,22,1003.9,12.2,37,2,22,1001.9,0,No,No,0,August
8/8/2019,0.4,8.4,2.8,0.3,22,80400,3.1,81,7,6,997.5,8.2,62,7,6,991.9,0,No,No,0,August
8/9/2019,1,10.8,0.6,3.5,57,70740,4,79,7,26,989.1,9.2,64,7,26,988.6,0,No,Yes,21.4,August
8/10/2019,4,10.2,0,3,61,52080,8,76,7,33,992,9,71,7,33,993.1,21.4,Yes,Yes,8.4,August
8/11/2019,6.8,11.6,0.8,4.3,50,52140,10,82,7,30,1005.5,9.5,82,7,30,1010.4,8.4,Yes,Yes,2,August
8/12/2019,1.8,13.8,0.6,5.9,54,37500,9.7,54,6,22,1013.2,13.1,54,6,22,1012.9,2,Yes,No,0,August
8/13/2019,1.2,15.1,2,9.5,35,540,8.3,72,1,20,1021.9,11.9,71,1,20,1021.9,0,No,No,0,August
8/14/2019,1.7,15.4,1.2,9.3,31,38160,7.2,78,1,17,1023.7,15.1,47,2,17,1019.7,0,No,No,0.2,August
8/15/2019,7.1,18,2.8,6,56,47040,10.4,58,6,26,1012.7,16.6,44,6,26,1008.3,0.2,Yes,No,0.8,August
8/16/2019,7.8,11.4,3,3.8,26,52800,8.8,78,8,17,1011.1,10.6,71,2,17,1012.4,0.8,Yes,No,0,August
8/17/2019,5.4,14.8,0.4,9.9,35,57120,8.2,75,1,19,1021.2,14.1,45,1,19,1017.4,0,No,No,0,August
8/18/2019,7.8,17.7,3.2,6,61,50880,12.3,56,7,33,1005.6,17,31,6,33,997.4,0,No,No,0,August
8/19/2019,4.6,14,2.8,5.1,50,12540,8.3,46,7,24,1004.2,9.2,45,7,24,1005.7,0,No,No,0,August
8/20/2019,6.2,16.6,3,6.1,80,63240,13.1,66,7,54,1004.7,14,54,7,54,997.8,0,No,Yes,5.4,August
8/21/2019,5.9,11.4,4,7.3,78,27600,8.4,60,7,37,1001.8,8.6,64,7,37,1002.4,5.4,Yes,Yes,18.6,August
8/22/2019,4.6,11.7,1.4,8.2,72,12900,7.3,59,4,19,1014.5,10.9,47,4,19,1018,18.6,Yes,No,0,August
8/23/2019,2.3,15.8,2.6,10,44,46560,7.9,60,1,28,1018.1,15.5,40,1,28,1011.9,0,No,No,0,August
8/24/2019,7.8,18.1,4,8.5,63,52080,13.1,50,4,39,1005.1,16.9,39,6,39,1000,0,No,Yes,14,August
8/25/2019,4,11.5,3.2,4,50,5040,8.7,59,1,19,1014.4,10.9,53,7,19,1015,14,Yes,No,0,August
8/26/2019,5.8,15.3,1.6,10.2,46,47880,9.7,65,1,28,1020,14.6,41,1,28,1017.3,0,No,No,0,August
8/27/2019,7.5,15.5,3,3.1,56,46320,11.4,57,7,20,1015.9,14.6,50,7,20,1012.6,0,No,No,0.2,August
8/28/2019,8.7,9.6,2.8,1.8,54,28380,8.7,77,8,22,1009,9.3,55,7,22,1014.1,0.2,Yes,Yes,2.8,August
8/29/2019,3.2,13.6,2.6,9.4,26,6120,7.9,64,1,9,1028.2,12.8,49,6,9,1027.8,2.8,Yes,No,0,August
8/30/2019,2.7,15.6,1.8,10.5,33,84300,6,77,2,19,1029,12.9,53,0,19,1024.5,0,No,No,0,August
8/31/2019,4.3,18.8,2.2,7.5,43,53040,11.5,54,7,28,1020.3,16.7,37,6,28,1014.8,0,No,No,0,August
9/1/2019,8.3,15.2,4,0.7,39,61140,11.8,70,7,15,1016,14.6,59,7,15,1012.1,0,No,No,0,September
9/2/2019,6.2,18.3,1.2,10.5,30,75240,10.7,70,1,15,1018.4,16.6,43,4,15,1012.7,0,No,No,0,September
9/3/2019,8.5,20.1,2.6,9.9,41,46680,14.1,57,2,19,1010.7,19.8,20,3,19,1008.7,0,No,No,0,September
9/4/2019,5.9,16.1,4,5,56,54660,12.4,56,7,24,1008.2,15.2,39,6,24,1006.6,0,No,No,0,September
9/5/2019,2.9,13.9,3,8,31,1980,9.1,63,4,22,1015.6,12.1,49,2,22,1013.7,0,No,No,0,September
9/6/2019,2.3,11.6,2,1.3,30,52440,6.3,85,7,13,1006.6,10.5,89,8,13,999.9,0,No,Yes,6.2,September
9/7/2019,6.3,10.2,0.8,0,48,30780,9.9,68,8,28,1004.4,9.5,70,8,28,1006.8,6.2,Yes,No,0.6,September
9/8/2019,4.3,14.4,1,5.4,28,86100,6.6,81,7,9,1010.1,13.3,54,2,9,1004.8,0.6,Yes,Yes,3,September
9/9/2019,6.3,12.5,2.8,8,59,43680,7.2,71,6,22,1016.5,10.7,43,4,22,1019.1,3,Yes,No,0.4,September
9/10/2019,4.6,16.9,2.4,10.1,46,70800,12.4,54,3,28,1022.1,16.8,40,2,28,1021.1,0.4,Yes,No,0,September
9/11/2019,10,21.3,3.6,5.2,59,48240,13.6,54,6,43,1021.3,19.6,28,7,43,1015.8,0,No,No,0.6,September
9/12/2019,12.2,18.2,6.8,8.1,106,10140,14.8,67,6,28,1006.3,13.7,33,4,28,1010.3,0.6,Yes,No,0.2,September
9/13/2019,4.2,15.6,5,2.8,56,59220,10.8,55,7,26,1016.7,13.9,43,7,26,1008.9,0.2,Yes,Yes,2,September
9/14/2019,6.3,17.4,2.4,10.3,52,77820,13,46,3,24,1018.9,17.2,38,2,24,1015.2,2,Yes,No,0,September
9/15/2019,12.3,17.8,4.4,10,52,23640,14.9,26,5,13,1009.9,16.6,29,3,13,1007.1,0,No,Yes,1.4,September
9/16/2019,5.2,11.1,5.8,8.8,61,12000,8.3,52,5,22,1013.6,9.7,32,6,22,1018,1.4,Yes,No,0,September
9/17/2019,2.5,14.5,4,11.1,41,44460,8.7,50,1,24,1026.8,14,34,6,24,1024.4,0,No,No,0.2,September
9/18/2019,2.7,17.2,4,10.8,31,37380,10,48,1,17,1028.1,15,37,1,17,1024.1,0.2,Yes,No,0,September
9/19/2019,4.2,21.6,3.6,11.1,52,51000,12,52,1,24,1024.5,20.9,32,1,24,1018.4,0,No,No,0,September
9/20/2019,11,26.5,4.4,5.6,50,49200,18.9,60,3,28,1017.4,24.6,37,7,28,1013.1,0,No,No,0,September
9/21/2019,11.2,21.4,5.4,0.4,67,71400,14.7,80,7,31,1007.5,19.3,58,7,31,1001,0,No,No,0,September
9/22/2019,5.7,15,3.6,8.8,52,51960,10.9,46,2,33,1015.5,11.7,40,5,33,1016.2,0,No,No,0,September
9/23/2019,5,14.2,3.6,7.9,33,86340,10.6,56,3,15,1018.9,11.6,57,6,15,1017.9,0,No,No,0,September
9/24/2019,8.3,16.5,2.8,6.6,46,9060,12.2,50,7,31,1017.9,13.8,42,5,31,1018.3,0,No,No,0.2,September
9/25/2019,5.3,13.4,2.2,2.7,31,8820,10.6,51,6,13,1025.8,12.2,49,7,13,1023.5,0.2,Yes,No,0,September
9/26/2019,8.4,19.4,4,9.4,43,40080,13.3,56,7,13,1022.5,18.5,37,1,13,1017.5,0,No,No,0,September
9/27/2019,9.2,19.5,3.8,4.5,63,37560,17.9,39,6,17,1004.3,15.8,43,5,17,1006.3,0,No,No,0.2,September
9/28/2019,2.7,16.8,4,7.6,48,45540,11.3,51,5,19,1016.6,15.1,41,7,19,1014.2,0.2,Yes,No,0.6,September
9/29/2019,8.9,15,3.8,6.9,50,60300,10.8,76,5,24,1012.9,12.6,50,6,24,1014.2,0.6,Yes,No,0,September
9/30/2019,6.7,14.8,3.6,9.7,41,29220,10.3,47,3,26,1025.2,12.4,55,1,26,1025,0,No,No,0.2,September
10/1/2019,1.9,16.1,3.4,11.4,26,44220,10.1,56,4,17,1027.6,15.4,41,1,17,1025,0.2,Yes,No,0,October
10/2/2019,3.9,19.1,3.2,10.7,33,54360,12.6,57,2,26,1023.8,16.4,50,2,26,1020.7,0,No,No,0,October
10/3/2019,8.2,28.9,3.8,10.7,50,61860,18.8,37,1,31,1018.5,27.2,20,3,31,1010.7,0,No,No,0,October
10/4/2019,10.7,15.2,6.2,7.4,48,42540,14.3,40,2,26,1017.2,12.3,51,6,26,1019,0,No,No,0,October
10/5/2019,2.8,16.2,4,11.4,39,82800,9.6,54,1,19,1025.6,15.1,42,1,19,1019.1,0,No,No,0,October
10/6/2019,9.4,19.8,4.4,4.2,61,67800,12.4,71,7,17,1003.8,16.2,79,7,17,996.8,0,No,Yes,10.2,October
10/7/2019,7.8,16.2,4.6,4.4,39,33180,11.6,48,5,13,1008.5,14.8,43,7,13,1006.7,10.2,Yes,No,0.2,October
10/8/2019,8.5,13.1,2.6,8.5,56,40980,10,66,7,28,1014.6,11.6,46,5,28,1017.5,0.2,Yes,No,0,October
10/9/2019,6.2,14.3,4,2.3,37,61740,11.5,60,6,20,1024.7,13.6,52,7,20,1023.9,0,No,No,0,October
10/10/2019,6.9,14.3,2.6,8.3,37,46860,11.4,64,7,28,1026.2,12.3,76,7,28,1025.4,0,No,No,0,October
10/11/2019,8.3,14,3.4,5.1,33,54360,10.3,60,6,17,1027.3,12.2,46,4,17,1025.6,0,No,No,0,October
10/12/2019,4.4,14.3,2.8,9.5,33,54000,8.7,70,2,20,1026.4,12.6,51,6,20,1023.5,0,No,No,0.2,October
10/13/2019,2.3,16.6,3.6,10.6,31,63840,8.7,69,3,24,1022.5,15.6,47,7,24,1018.2,0.2,Yes,No,0,October
10/14/2019,7.6,24.1,4,7.1,41,53460,13.6,55,3,13,1012,22,35,7,13,1006.9,0,No,Yes,1.2,October
10/15/2019,7.7,13.3,3.4,1.8,28,33360,11.9,67,7,13,1012,11.6,86,7,13,1010.6,1.2,Yes,Yes,9.4,October
10/16/2019,4.1,16.8,2,8.8,35,51360,8.5,82,1,22,1012.2,13.9,50,7,22,1007.6,9.4,Yes,Yes,1.4,October
10/17/2019,5.5,15.9,2.2,11.6,35,50400,9.4,83,2,28,1007.1,14.6,67,1,28,1005.7,1.4,Yes,No,0,October
10/18/2019,6.9,19.8,4,7.8,61,56520,13.2,54,4,26,1005.2,15,60,7,26,997.2,0,No,Yes,2,October
10/19/2019,6,14.7,5.6,9.6,56,57360,9.5,52,6,30,1003.4,13.7,44,6,30,1003.7,2,Yes,No,0.2,October
10/20/2019,8.2,19.5,3.4,8.8,57,45840,14.4,48,7,28,1010.3,18.7,41,7,28,1013,0.2,Yes,No,0,October
10/21/2019,10.9,21.1,4.4,12.9,43,7200,14.6,50,4,19,1022.2,18.7,40,1,19,1020.5,0,No,No,0,October
10/22/2019,4.3,19.7,6.8,12.3,41,62520,11.7,63,6,9,1025.4,18.8,42,3,9,1021.1,0,No,No,0,October
10/23/2019,9.2,23,4.8,10.5,48,47280,16,37,7,31,1017.7,16.6,53,3,31,1016.6,0,No,No,0,October
10/24/2019,8.5,28.7,4,12.2,48,79860,15.2,65,6,15,1014.3,23.4,43,7,15,1009.2,0,No,No,0,October
10/25/2019,14.8,28,11,8.7,87,39900,24.7,20,7,43,991.9,19.3,29,7,43,995.3,0,No,No,0,October
10/26/2019,8.7,15.3,9.6,6.7,59,2340,13.1,42,6,28,993.3,12.4,53,7,28,994.2,0,No,Yes,1.2,October
10/27/2019,4.7,17.2,3,8.8,48,41940,12.1,50,3,20,1007.3,13.2,54,7,20,1008.9,1.2,Yes,No,0.6,October
10/28/2019,4.8,20.6,3.6,5.4,54,29220,12.8,43,7,35,1018.1,18.8,19,7,35,1015,0.6,Yes,No,0,October
10/29/2019,11.5,28,7,10.3,61,45600,18,11,7,41,1010.5,26.8,9,2,41,1006.2,0,No,No,0,October
10/30/2019,9.8,18.6,8,7.5,37,83040,11.5,57,7,17,1021,16.9,46,6,17,1017.2,0,No,No,0,October
10/31/2019,5.9,27.2,4.6,9.7,35,57900,15.2,60,7,19,1011.1,22.4,48,5,19,1006.5,0,No,No,0,October
11/1/2019,15,32.9,6,5.9,63,41220,26.1,28,7,30,1006.8,29.6,26,7,30,1003.9,0,No,No,0.8,November
11/2/2019,14.5,21.7,6,1.5,41,65580,16.2,81,8,13,1005,15.9,94,8,13,1005.6,0.8,Yes,Yes,15.4,November
11/3/2019,7.5,20.2,3.8,8.7,43,52920,14.1,69,6,2,1009.6,17,63,7,2,1006.9,15.4,Yes,Yes,2.4,November
11/4/2019,8.3,17.4,4.8,9.3,48,41700,12.5,56,6,20,1008.4,15.8,29,5,20,1009.1,2.4,Yes,No,0,November
11/5/2019,4.9,18.2,2.4,7.1,44,62580,10.8,48,2,20,1014.2,16.8,29,7,20,1008.5,0,No,No,0,November
11/6/2019,10.5,20,6.4,9.1,72,53700,14.2,37,2,33,999.1,19.3,21,7,33,991.7,0,No,No,0.4,November
11/7/2019,6.7,12.6,7,10.6,72,56700,10.8,50,6,33,987.3,10.1,70,7,33,989.2,0.4,Yes,Yes,3.2,November
11/8/2019,5.5,12.4,4.4,4.1,54,39060,8.9,66,7,20,996.2,9.5,64,7,20,1000,3.2,Yes,Yes,2,November
11/9/2019,4.1,14.4,2.4,3.5,44,36960,8.5,56,6,19,1004.4,10.8,68,7,19,1000,2,Yes,No,0.6,November
11/10/2019,8.4,19.2,2.2,6.8,59,33540,13.7,48,5,24,1006.4,16.3,41,6,24,1007.8,0.6,Yes,No,0,November
11/11/2019,10.8,26.1,4.6,8.4,78,66960,12.7,55,7,37,1004,25.6,12,3,37,997.2,0,No,Yes,1.6,November
11/12/2019,8.7,15.3,10,11,59,47160,12.6,47,3,37,996.4,13,39,7,37,997.1,1.6,Yes,No,0.2,November
11/13/2019,7.3,17.1,5.6,10.8,72,46140,11.5,48,4,39,998.9,15.4,36,4,39,998.2,0.2,Yes,Yes,1,November
11/14/2019,10.7,20.6,6.4,10.1,81,41880,16.6,44,7,39,1000,19.6,30,4,39,998.4,1,Yes,No,0,November
11/15/2019,12,17.6,8,9.2,67,47700,13.6,36,2,35,998.8,14.3,37,5,35,999.7,0,No,No,0.2,November
11/16/2019,7.9,15.4,8.4,8.3,61,33780,11.5,45,4,28,1007.3,13.3,34,6,28,1007,0.2,Yes,No,0.2,November
11/17/2019,6.2,17.2,7,7.6,52,82680,10.5,47,6,17,1015.5,15.2,29,5,17,1014.2,0.2,Yes,No,0.2,November
11/18/2019,10.5,20.2,5,9.3,91,35400,15.9,43,5,43,1003.2,18.9,37,7,43,1001.9,0.2,Yes,No,0,November
11/19/2019,9.2,17.6,6.8,8.6,43,46380,13.8,47,5,28,1010.3,15.5,53,7,28,1011.5,0,No,No,0,November
11/20/2019,9.2,26.3,3.4,8,54,80280,15.9,54,6,17,1014.9,20.2,42,7,17,1010,0,No,No,0,November
11/21/2019,14.3,37.7,7.4,6,72,41400,26.3,20,2,30,995.8,20.2,49,7,30,994.3,0,No,No,0,November
11/22/2019,9.2,22.1,7.8,11.2,39,45660,16.3,37,3,22,1013.2,20,42,7,22,1010.3,0,No,No,0,November
11/23/2019,11.5,20.6,6.6,8.2,67,66600,16.4,50,7,37,1008.8,18.8,24,3,37,1007.3,0,No,No,0,November
11/24/2019,9.1,22.5,7.4,6.5,48,38820,14,43,7,26,1014.3,21.3,27,7,26,1010.7,0,No,No,0,November
11/25/2019,10.8,26,6,10.5,54,31680,16.9,38,6,26,1003.4,23.5,22,7,26,999.9,0,No,Yes,5.6,November
11/26/2019,10.4,16.4,9.2,10.3,52,51420,13,57,7,39,1003.6,14.9,55,1,39,1004.3,5.6,Yes,No,0.2,November
11/27/2019,8.3,20.9,7.6,2.6,63,47340,13.5,50,7,26,1007.1,17.6,42,7,26,1005.6,0.2,Yes,No,0,November
11/28/2019,10.5,20.2,5.6,10.6,50,42840,14.2,34,2,17,1012.2,17.5,29,3,17,1013.6,0,No,No,0.2,November
11/29/2019,10.1,16.4,7.8,7.2,44,50880,11.9,75,7,33,1013.6,14.4,50,7,33,1010.7,0.2,Yes,Yes,9.4,November
11/30/2019,6.1,18.6,5.2,10.7,41,50220,11.4,63,1,30,1010.9,15,50,6,30,1005.7,9.4,Yes,Yes,3,November
12/1/2019,9.2,18.1,4.8,8.2,54,41640,13.2,51,7,11,992.8,14.8,66,6,11,986.5,3,Yes,Yes,1.8,December
12/2/2019,8.8,15.2,5.4,7.2,61,55320,11.8,50,6,37,984.8,10.8,65,5,37,988,1.8,Yes,Yes,1,December
12/3/2019,7.6,16.3,4.6,10.8,81,34620,13.7,40,6,39,987.4,13.7,44,3,39,987.2,1,Yes,Yes,1.6,December
12/4/2019,6,16.7,7.4,9.1,83,56760,10.9,42,5,52,997.9,15.3,36,5,52,995.6,1.6,Yes,No,0,December
12/5/2019,10.7,19.5,9,6.3,70,32220,15.2,44,6,19,994.7,17.1,39,7,19,992.9,0,No,No,0,December
12/6/2019,10.3,17.5,6.4,8.3,72,41640,12.6,50,5,46,995.8,16,36,7,46,996,0,No,No,0.4,December
12/7/2019,10.1,17.7,7.2,5.2,61,62580,13,52,7,24,1004.1,14.8,70,7,24,1006.5,0.4,Yes,Yes,1.2,December
12/8/2019,6.9,20,4,11.4,31,47280,15.2,50,6,24,1019.3,17,57,7,24,1018.5,1.2,Yes,No,0,December
12/9/2019,11.4,30.7,5.8,3.6,48,61860,18.6,43,7,15,1012.8,29.1,22,7,15,1007.8,0,No,No,0,December
12/10/2019,12,18.3,6.2,11.2,46,27480,14.9,43,7,28,1015.8,16.3,49,1,28,1016.8,0,No,No,0,December
12/11/2019,9.3,22.6,7.4,6.9,31,38700,16,51,7,22,1017.6,19.9,41,8,22,1014.4,0,No,No,0,December
12/12/2019,11.5,19.2,3.8,9.9,56,35820,14.9,46,7,31,1009.4,17.4,27,3,31,1011.1,0,No,No,0.2,December
12/13/2019,11,21.3,8.2,1.5,54,39960,13.5,51,7,28,1009.4,19,45,7,28,1005.6,0.2,Yes,No,0.8,December
12/14/2019,10.7,16.2,4.8,5.8,48,50580,11.4,87,7,30,1007.3,13.7,67,6,30,1007.5,0.8,Yes,Yes,3.6,December
12/15/2019,9.4,18.6,4.8,3,43,66420,12.6,79,7,7,1002.7,16.1,67,7,7,999.6,3.6,Yes,Yes,2,December
12/16/2019,10.1,20,2,11,33,50700,13.7,63,7,28,1013.2,18.1,46,3,28,1013.5,2,Yes,No,0.2,December
12/17/2019,9.1,22.2,6.4,10.1,43,47880,17.8,43,6,31,1016.9,19.1,57,1,31,1016.7,0.2,Yes,No,0,December
12/18/2019,14,26.1,6.6,8.8,35,62340,18,66,7,20,1015.7,23.1,54,7,20,1008.5,0,No,No,0,December
12/19/2019,15.2,22.3,4.4,12.1,56,53220,18.4,35,3,41,1011.8,17.5,46,4,41,1014.7,0,No,No,0,December
12/20/2019,8.9,32.5,10,11.6,59,73380,15.2,63,7,24,1016.4,30.4,18,3,24,1008.4,0,No,No,0,December
12/21/2019,14.9,22.1,14.2,12.6,65,27840,19,36,3,33,1007.4,21.1,21,1,33,1010.5,0,No,No,0,December
12/22/2019,11.2,19.7,11.2,12.4,43,54420,14.8,39,6,30,1021.9,17.7,42,7,30,1020.6,0,No,No,0,December
12/23/2019,11.1,17.4,7.8,1.3,43,56160,13.8,69,7,31,1019.9,14.5,58,7,31,1018.9,0,No,No,0,December
12/24/2019,11.8,20.8,4,10.3,35,50460,15,55,6,26,1023.2,18.3,43,1,26,1020.8,0,No,No,0,December
12/25/2019,11.7,21.9,8.6,9.7,37,55080,17.7,50,1,26,1017.1,19.4,50,6,26,1014.7,0,No,No,0,December
12/26/2019,11.2,22.6,6.6,11.2,41,53760,16.3,63,6,28,1017.8,20.9,41,1,28,1016.1,0,No,No,0,December
12/27/2019,9.3,21.9,8.4,12.7,41,67080,16,54,2,19,1022,20.3,43,1,19,1019.1,0,No,No,0,December
12/28/2019,14.6,27.1,8.4,8.866666667,50,44880,20.6,44,1,28,1010.6,23.6,45,4,28,1008.8,0,No,No,0,December
12/29/2019,10.7,24.4,8.2,12.9,46,56220,18.2,65,7,33,1015.1,21.3,54,6,33,1012.5,0,No,No,0,December
12/30/2019,13.5,40.8,6.6,9.7,83,51480,21.5,44,1,52,1004.2,38.7,12,4,52,993.4,0,No,Yes,3.8,December
12/31/2019,11.8,23.2,14.2,11.2,57,39540,17.3,39,1,28,1005,22.5,22,4,28,1005.3,3.8,Yes,No,0,December
1/1/2020,11.4,24.7,7.8,10.4,54,31380,16.4,38,3,28,1011,23.1,29,7,28,1009.3,0,No,No,0,January
1/2/2020,15.9,24.3,9.6,10.4,54,35100,18.6,41,6,31,1015.3,21.3,46,6,31,1014.8,0,No,No,0,January
1/3/2020,14.7,22.1,7,7.1,31,53760,16.7,68,7,24,1016.8,21.4,53,7,24,1011.9,0,No,No,0,January
1/4/2020,15.3,28.6,6.8,3.5,67,46260,20.6,46,6,35,1001.9,22.7,23,6,35,1005.5,0,No,No,0,January
1/5/2020,10.7,22.1,6.4,9.7,37,33000,14.4,41,7,19,1021.1,20.6,33,3,19,1020,0,No,No,0,January
1/6/2020,9.4,22.2,6.8,11.2,39,48660,15.4,49,3,30,1023.1,20.4,51,1,30,1019.5,0,No,No,0,January
1/7/2020,13.2,19.9,7.8,6.8,35,40500,17.5,75,7,26,1018.9,17.2,67,8,26,1018.3,0,No,No,0,January
1/8/2020,9.7,23.5,4.6,11.4,48,49140,17.4,65,1,33,1020.2,21.5,46,2,33,1019.1,0,No,No,0,January
1/9/2020,11.6,31.6,7.2,10.5,48,81180,18.6,63,2,20,1020.2,28,38,3,20,1014.5,0,No,No,0,January
1/10/2020,18.4,29.6,11.4,0.9,67,73020,22.6,59,7,9,999.4,18.7,85,8,9,996.5,0,No,Yes,1.2,January
1/11/2020,12.6,20.4,5.6,8.2,61,50700,14.7,38,3,33,1006.5,18.5,29,7,33,1008.6,1.2,Yes,No,0.2,January
1/12/2020,12.2,22.4,6.6,11.4,46,40020,16.6,38,2,24,1018.1,19.2,45,1,24,1017.9,0.2,Yes,No,0,January
1/13/2020,10.8,31.3,7.6,13.8,74,58500,20.4,36,1,22,1018.3,30.3,18,2,22,1013,0,No,No,0,January
1/14/2020,14,25.1,9.2,9.4,37,64320,17,68,7,19,1020.9,23.5,47,1,19,1017.8,0,No,No,0,January
1/15/2020,15.5,30,5,7.9,39,41820,22.2,57,5,24,1013,29.6,39,1,24,1007.1,0,No,Yes,2.2,January
1/16/2020,12,15.7,8.6,0.6,52,28020,12.1,88,8,30,1009.4,15.1,59,7,30,1011.6,2.2,Yes,Yes,2.2,January
1/17/2020,9.9,16.5,3.8,7.6,39,51720,12.5,52,6,28,1019,15.4,41,3,28,1019.1,2.2,Yes,No,0,January
1/18/2020,11,19.8,5,9.4,43,58620,13.4,46,7,22,1020.2,18.8,38,1,22,1015.7,0,No,No,0,January
1/19/2020,11.1,22.2,6.2,8.9,37,43860,15.4,61,6,28,1013.9,21.4,47,7,28,1011.5,0,No,No,0,January
1/20/2020,12.5,18.1,5.8,1.2,43,67740,15.7,66,7,26,1011.7,17.2,62,7,26,1008.3,0,No,No,0,January
1/21/2020,13.1,19.7,4,7.4,44,52500,14.6,68,7,33,1007.2,17.7,55,1,33,1005.2,0,No,No,0,January
1/22/2020,11.6,30.7,6.8,7.1,72,64440,19.4,38,6,39,1002.8,29.1,25,7,39,997,0,No,Yes,13.8,January
1/23/2020,14.2,21.7,9.2,5.7,65,56760,14.7,78,8,15,992.6,18.3,70,6,15,989.1,13.8,Yes,Yes,3.2,January
1/24/2020,11.3,22,6,6.9,56,47880,15.3,53,6,33,999.5,20.3,33,6,33,1002.4,3.2,Yes,No,0,January
1/25/2020,14.6,25.6,4.8,5.2,50,30660,17.4,46,7,28,1008.7,23.7,39,7,28,1007.4,0,No,No,0,January
1/26/2020,17.2,23.7,6.4,7.8,57,51000,17.8,77,7,37,1006.8,20.7,35,5,37,1007.5,0,No,No,0,January
1/27/2020,14.9,23.3,7.4,6.2,52,50460,16,47,8,33,1012.3,22.1,28,5,33,1010.5,0,No,No,0,January
1/28/2020,15.8,26.7,5.8,7.6,59,44520,17.1,51,7,30,1009.8,24,39,6,30,1007.9,0,No,No,0,January
1/29/2020,16.5,29.4,7.4,8.5,44,53520,20.2,56,4,26,1012.5,27.7,31,4,26,1010.7,0,No,No,0,January
1/30/2020,17.6,36.6,10,13.6,61,31800,29,10,1,17,1004.4,35.4,13,1,17,1005.2,0,No,No,0,January
1/31/2020,14.8,41.4,10.6,9,56,51300,20.4,62,0,35,1008.5,40.7,7,6,35,1001.6,0,No,Yes,2.6,January
2/1/2020,19.9,20.3,11.2,2.5,39,28500,20.1,80,7,30,1000,18.6,66,6,30,1003.1,2.6,Yes,No,0.2,February
2/2/2020,11.3,22.5,5.6,11.8,67,49560,17.4,43,1,44,1000.9,19.4,40,6,44,998,0.2,Yes,No,0.6,February
2/3/2020,9.1,16,7.8,8.9,69,42480,10.8,52,5,30,1003.8,13.7,38,3,30,1009.3,0.6,Yes,Yes,1.4,February
2/4/2020,7,21.2,5.6,12,37,39480,12.7,50,1,20,1020.8,20.5,27,3,20,1019,1.4,Yes,No,0,February
2/5/2020,10.6,19.1,7,11.1,46,44220,15.4,52,3,35,1021.2,15.6,60,4,35,1021.7,0,No,No,0,February
2/6/2020,13.2,23.3,5.4,8.7,33,49260,15.7,63,7,24,1026.8,21.9,46,1,24,1024.5,0,No,No,0,February
2/7/2020,14.9,18.3,6.6,0,31,47040,15.8,74,8,22,1028.6,17.4,65,8,22,1028.8,0,No,No,0,February
2/8/2020,13.5,19.2,3.2,0.7,41,51000,15,70,7,20,1034,18.2,58,7,20,1032,0,No,No,0,February
2/9/2020,13.4,21.9,3.2,5.2,39,62160,16.2,60,7,19,1031.2,19.8,43,6,19,1028.3,0,No,No,0,February
2/10/2020,15,20.7,5.8,0.1,35,49680,17.2,63,7,22,1024.1,20.2,59,7,22,1021,0,No,Yes,1.2,February
2/11/2020,16.9,22,2,2.2,24,54300,17.3,91,8,11,1013.1,21,76,7,11,1010.8,1.2,Yes,No,0.6,February
2/12/2020,15.9,18.2,2,0,35,32400,16.4,85,8,24,1018.9,17.6,69,7,24,1020.1,0.6,Yes,No,0,February
2/13/2020,13.7,21.4,3.6,4.1,33,54420,14.6,75,8,19,1022.4,20.2,53,7,19,1019.3,0,No,No,0,February
2/14/2020,14.5,28.6,3.6,3.7,37,81240,17.2,83,7,11,1013.2,26.7,54,7,11,1007.2,0,No,Yes,1,February
2/15/2020,14.8,18.7,4.8,5.8,56,38340,14.9,82,7,37,1011.7,17,57,5,37,1014.2,1,Yes,No,0.2,February
2/16/2020,11.8,18.3,5.6,12.1,37,83580,14.7,54,2,28,1022.7,17.4,47,1,28,1022.5,0.2,Yes,No,0,February
2/17/2020,8.6,19.9,6,10.7,35,48180,10.6,66,7,28,1020.5,18.7,38,1,28,1015.7,0,No,No,0,February
2/18/2020,7.8,21.2,7,8.5,33,48480,13.4,64,1,28,1011.1,19.3,51,7,28,1008,0,No,No,0,February
2/19/2020,13.1,16.8,5.2,7.1,54,47640,13.6,54,8,35,1009.8,15.4,51,7,35,1010,0,No,No,0,February
2/20/2020,12,20.2,5.2,6.2,46,48300,13.7,71,7,30,1012,17.6,45,5,30,1010.2,0,No,No,0,February
2/21/2020,10.3,18.4,5.2,10.4,52,31620,13.6,46,5,19,1016.7,16.2,38,3,19,1019,0,No,No,0.2,February
2/22/2020,6.8,21.8,5,12.4,39,58500,13.2,54,4,26,1024.6,20.6,31,1,26,1021.9,0.2,Yes,No,0,February
2/23/2020,10.5,23.2,5.6,12.8,41,58800,14.3,68,1,28,1022.3,20.3,48,2,28,1016.3,0,No,No,0,February
2/24/2020,11.9,21.9,4,2.7,30,53460,15,77,7,20,1019.6,19.9,61,7,20,1017.8,0,No,No,0,February
2/25/2020,11.2,30.1,5.6,11.8,54,78960,17.5,71,1,17,1010.4,25.6,37,5,17,1002.5,0,No,Yes,6,February
2/26/2020,9.6,16.6,7.6,6.3,57,20160,10,80,8,24,1000.2,14.9,49,3,24,1001.9,6,Yes,Yes,1.8,February
2/27/2020,9.8,20.5,5,3.3,78,49440,14.2,55,7,48,998.6,19.8,34,7,48,995.3,1.8,Yes,No,0,February
2/28/2020,7.5,20.3,5,10.9,52,53880,13.9,43,5,30,1007.2,19.8,30,5,30,1007.8,0,No,No,0,February
2/29/2020,13.3,27.9,7.4,12.2,59,24840,18.7,43,5,20,1008.8,26.6,18,2,20,1007.7,0,No,No,0,February